Taqueria los Regios,Al Pastor Taco,78758  
Arturo’s Tacos,Al Pastor Taco,78753  
Vaquero Taquero,Al Pastor Taco,78751  
El Buen Sason,Al Pastor Taco,73301  
Tacos Juanita,Al Pastor Taco,78702  
Taqueria El Picante,Al Pastor Taco,78751  
Tacos El Pariente,Al Pastor Taco,78758  
Taco Brother,Al Pastor Taco,78745  
El Bodete Tacos Y Mas,Al Pastor Taco,78737  
taco wey,Al Pastor Taco,78721  
Taqueria Jazmin’s Cafe,Al Pastor Taco,78753  
Davi's Tacos,Al Pastor Taco,78728  
Super Taco’s 4 You,Al Pastor Taco,78640  
Tacos Morelos,Al Pastor Taco,78704  
Te’ kilas mexican restaurant,Al Pastor Taco,78734  
Taqueria Nuestra Ilusión,Al Pastor Taco,78660  
Papa’s Tacos,Barbacoa Taco,78746  
OneTaco,Barbacoa Taco,78701  
Yucatan Tacos And More,Barbacoa Taco,78758  
Sabor Tapatio,Barbacoa Taco,78745  
That Taco Stand,Barbacoa Taco,78653  
El Borracho Tacos - King Bee,Barbacoa Taco,78702  
Amorcito Taqueria 2,Barbacoa Taco,78617  
Olél Taco Food Truck,Barbacoa Taco,78745  
La Autentica de Tierra Caliente,Barbacoa Taco,78621  
Tacos El Monchis,Bean & Cheese Taco,78745  
Tacowey,Bean & Cheese Taco,78702  
Tacodeli,Birria Taco,78746  
Tejas Birria,Birria Taco,78745  
Pinches Tacos,Birria Taco,78702  
Pepe’s Tacos,Birria Taco,78703  
Birrieria Lopez cabrera,Birria Taco,78741  
Palo Seco,Birria Taco,78741  
Love C Spot,Birria Taco,78702  
Tacos La Catrina,Birria Taco,78717  
Tacos La Catrina,Birria Taco,78702  
Taco Pegaso,Birria Taco,78701  
Taqueria Guerrero,Birria Taco,78701  
Birria Queen,Birria Taco,78747  
CJ's Tacos,Birria Taco,78745  
Bomb Tacos,Birria Taco,78744  
Taco Clem,Birria Taco,78610  
Tacos 4-U,Birria Taco,78759  
El Bandido Suelto,Birria Taco,78653  
Birrierias Taco zone,Birria Taco,78732  
Tejas Birria,Birria Taco,78610  
CJ’s Tacos,Bistec Taco,78744  
El Asador Del Rey,Breakfast Taco,78754  
Buy Tacos Be Happy,Breakfast Taco,78745  
Trippy Tacos,Breakfast Taco,78704  
Taqueria Hugo,Breakfast Taco,78744  
El Chilito,Breakfast Taco,78745  
Taqueria La Sabrosita,Breakfast Taco,78723  
Pueblo Viejo Tillery,Breakfast Taco,78702  
Compadres Tacos,Breakfast Taco,78669  
Gonzalez Tacos,Breakfast Taco,76574  
Brazas Taco House,Breakfast Taco,78752  
Tacodeli,Breakfast Taco,78749  
Tacos 620,Breakfast Taco,78730  
Nana's Tacos & More,Breakfast Taco,76574  
Tomalo Taqueria,Breakfast Taco,78701  
De La O Kitchen,Breakfast Taco,78734  
Mr Chingon,Breakfast Taco,78737  
Tres Monarcas,Breakfast Taco,78757  
Taco Break,Breakfast Taco,78757  
Que Rico,Breakfast Taco,78719  
Mr Chingon,Breakfast Taco,78620  
El Patron Tacos & More,Breakfast Taco,78613  
Sierra Sur,Breakfast Taco,78748  
Los Valedores Taco Trailer,Breakfast Taco,78669  
Taco Bronco,Brisket Taco,78702  
Asador,Brisket Taco,78701  
Taco Flats - Riata,Brisket Taco,78727  
Tacodeli,COWBOY,78701  
Buenos Sabores,Carne Asada Taco,78726  
Taqueria Mex - Dom,Carne Asada Taco,78735  
OneTaco,Carne Asada Taco,78756  
Mikey V's Tacos On The Square & Hot Sauce Shop,Carne Asada Taco,78626  
Luna's Tacos,Carne Asada Taco,78681  
Amorcito Taqueria #1,Carne Asada Taco,78660  
The Peached Tortilla,Carne Asada Taco,78719  
Ole Taco,Carne Asada Torta,78745  
La Traila,Carne Guisada,78759  
Lazarus Brewing,Carnitas Taco,78702  
Asador,Carnitas Taco,78701  
Carnitas El Guero,Carnitas Taco,78612  
Tacos Y Tortas Marus,Carnitas Taco,78726  
Vocho's Tacos,Cauliflower Taco,78705  
Velvet Taco,Cauliflower Taco,78664  
Torchy's Tacos,Democrat Taco,78701  
Discada,Discada Taco,78702  
Norte ATX,Extra Crispy Cheese Tacos,78702  
Zombie Taco,Fish Taco,78705  
Lote,Fish Taco,78723  
Yuli's Tacos,Flautas,78719  
Taqueria la Guera #2,Gorditas,78704  
Taqueria Piedra Grande,Gringas con todos,78741  
Tacos Vallecito,Hand-made Tortillas,78741  
Pelonchas Tacos,House-made Tortillas,78746  
Sivestar Indian Tacos,Indian Tacos,78736  
Tacos Ricos,Jalapeno Sauce,78745  
Tacos Las Mamis,Mami's Taco,78613  
Oye Taquito,Matamoros Style Tacos,78702  
Taqueria Chapala,Menudo,78735  
Taco More,Menudo,78741  
Toyloco,Mini tacos,78702  
Velvet Taco,México-Cali taco,78758  
Vaquero Taquero,Nopales y Huevos Taco,78751  
Taqueria El Picante,Picadillo Taco,78722  
Tacodeli,Picosito Taco,78746  
Taco Palenque,Pirata Taco,78744  
Ensenada ATX,Shrimp Taco,78702  
Austin Taco Project,Shrimp Taco,78701  
Van’s Damn Tasty Tacos,Signature Taco,78660  
Taqueria Sabor a México,Street Taco,78729  
Tacos Las Amazonas,Suadero Taco,78745  
Regios Tacos Al Vapor,Suadero Taco,78664  
Regios Tacos Al Vapor,Tacos Al Vapor,78717  
Taquizas Mariana,Taquitos,73301  
Matamoros Tacos,Tripe Taco,78753  
Taqueria De Diez,Al Pastor Taco,78701  
Paprika ATX,Carnitas Taco,78752  
Granny's Tacos,Breakfast Taco,78702  
Asado's Taqueria,Super Taco,78757  
Top Taco,Birria Taco,78726  
Velvet Taco,Spicy Tikka Chicken Taco,78701  
Juan More Taco,Al Pastor Taco,78703  
Las Perlas,Chicken Taco,78701  
El Perrito,Tacos Ahogados,78745  
Ortega's Tacos,Al Pastor Taco,78669  
Rincon Del Sabor,Barbacoa Taco,78724  
Taqueria La Paloma,Al Pastor Taco,78724  
El Primo,Bacon & Egg Taco,78704  
La Peña,Al Pastor Taco,78701  
Torchy's Tacos,Democrat Taco,78704  
Tacos Las Amazonas,Suadero Taco,78745  
Trippy Tacos,Breakfast Taco,78704  
Norte Taco Truck,Extra Crispy Cheese Taco,78758  
Cosmic Saltillo,Al Pastor Taco,78702  
Pollos Asados El Norteno,Pollo Asado Taco,78725  
Tacodeli,Otto Taco,78756  
Cabo Bob's Burritos,Deluxe Fish Taco,78704  
Lonche'Bar,Birria Taco,78751  
Tacodeli,Otto Taco,78758  
La Holly,Discada Taco,78702  
Holly Taco's,Al Pastor Taco,78702  
T-Loc's Sonora Hot Dogs,Sonoran Hot Dog,78756  
Salsa Limón,El Capitan Taco,78705  
Tacos El Charly,Al Pastor Taco,78753  
FoodHeads,Fish Taco,78705  
Taquero Mucho,Carnitas Machete Taco,78758  
La Reyna Bakery,Chicken Fajita Taco,78744  
Taco Margarita,Al Pastor Taco,78738  
Dos Batos,Carne Asada Taco,78757  
Taco Flats - Clarksville,Pirata Taco,78703  
Tres Marias Tacos,Barbacoa Taco,78745  
Earl Campbell's Food Truck,Brisket Taco,78719  
Antojitos El Flaco,Carne Asada Taco,78731  
Taco More,Al Pastor Taco,78758  
Chile's Tacos and More,Al Pastor Taco,78741  
Veracruz All Natural,Migas Taco,78681  
Taqueria Los Regios #2,Al Pastor Taco,78702  
Taco Xpress,Al Pastor Taco,78704  
Torchy's Tacos,Democrat Taco,78759  
Austin Daily Press,Lucy Taco,78702  
Yellow Bell Tacos,Al Pastor Taco,78754  
Don Vegas Tacos,Carne Asada Taco,78705  
Tacos El Gallito,Al Pastor Taco,78704  
Tacodeli,Otto Taco,78719  
Tacowey,Bean & Cheese Taco,78701  
Tacodeli,Otto Taco,78757  
Lyly’s Tacos,Al Pastor Taco,78753  
Pinches Tacos,Al Pastor Taco,78734  
Texas Honey Ham Company,Breakfast Taco,78746  
Vos Tacos,Birria Taco,78744  
Taco Flats - Lakeway,Pirata Taco,78734  
Taquizas Los Carnales,Al Pastor Taco,78741  
Torchy's Tacos,Democrat Taco,78756  
Fairways Cantina,Happy Gilmore Taco,78723  
The Vegan Nom,Vegan Taco,78702  
Shamrock Tacos,Barbacoa Taco,78676  
Taqueria Monarca,Al Pastor Taco,78744  
Marcelino's,Puerco Verde Taco,78702  
La Taquicardia,Al Pastor Taco,78754  
Que Rico Tacos,Breakfast Taco,78617  
Torchy's Tacos,Democrat Taco,78723  
Tomalo Grill,Birria Taco,78701  
APARICIO'S,Carne Asada Taco,78641  
Taqueria el Torito,Al Pastor Taco,78702  
El Campechano Taco,Campechano Taco,78641  
Capitol Burger,Chuy's Taco,78744  
Taco Baby,Birria Taco,78701  
El Carnitas,Carnitas Taco,78653  
Bar 508 Mezcalerita,Brisket Taco,78701  
Taqueria Hugo,Al Pastor Taco,78617  
Lupe Tortilla Mexican Restaurant,Beef Fajita Taco,78746  
Taco Mana,Birria Taco,78613  
Honduran Food Truck,Tacos Catrachos,78702  
Juli’s Tacos,Birria Taco,78724  
TacÜties,Volcan,78748  
